a,b,c,d,e,f,g,h,i,j,k,l,m,n,o,p,q,r,s,t,u,v,w,x,y,z,a1,b2,c1,d1,e1,f1,g1,h1,h2,h3,h4,O1
0,1,1,0,1,1,0,0,1,1,0,0,1,0,0,1,0,1,0,1,1,0,1,0,0,0,1,1,0,1,0,0,0,1,0,0,0,0
0,1,1,1,1,0,1,0,1,1,0,1,1,1,1,1,1,1,1,0,1,1,0,0,0,0,0,1,0,0,0,0,1,0,0,0,0,0
1,0,0,0,0,0,1,0,0,0,0,1,1,0,1,0,0,1,1,0,1,1,1,0,1,0,0,0,1,0,0,0,1,0,0,0,0,0
1,0,1,0,0,0,0,1,1,1,1,0,0,1,0,1,0,0,0,0,1,0,1,0,0,1,1,0,1,0,1,1,1,0,0,0,0,0
0,1,0,1,0,1,1,1,1,1,1,0,0,1,1,0,0,0,1,1,0,1,0,1,0,0,1,0,1,1,1,1,1,0,0,0,0,0
1,0,0,1,1,1,1,1,0,1,1,1,1,1,0,1,0,0,0,1,1,0,0,1,0,0,1,0,0,1,0,1,0,1,0,0,0,0
0,1,1,0,1,0,1,1,0,0,1,1,1,1,0,0,0,0,0,0,0,1,1,1,0,0,0,1,1,1,0,1,1,1,0,0,0,0
0,1,1,1,0,0,1,0,0,0,0,0,0,1,1,0,0,0,0,1,0,0,0,0,0,1,0,0,0,0,0,0,0,0,0,0,0,0
0,1,0,0,1,1,0,0,0,1,0,1,0,1,0,0,1,0,0,0,1,1,0,0,0,1,0,1,1,1,1,1,0,0,0,0,0,0
1,0,0,0,1,0,1,1,1,1,1,1,1,1,0,0,1,0,1,1,1,0,0,0,0,1,1,1,0,0,0,0,1,0,0,0,0,0
0,1,0,0,1,1,1,1,0,1,1,0,0,1,1,1,0,0,0,0,1,0,1,1,0,0,1,0,0,1,0,1,0,0,0,0,0,0
1,0,0,1,0,1,1,1,0,0,1,0,0,0,1,0,1,0,0,0,0,1,0,0,1,1,1,1,0,0,1,1,0,0,0,0,0,0
1,0,0,1,0,1,0,1,1,1,0,1,1,0,0,0,1,0,0,1,0,0,1,0,0,1,1,0,0,1,0,1,1,0,0,0,0,0
0,1,1,1,1,1,0,0,1,0,0,0,1,0,0,1,0,0,1,0,0,1,0,0,0,1,0,0,0,1,0,0,0,0,0,0,0,0
1,0,0,1,0,1,0,0,1,1,0,1,0,1,0,0,0,0,1,0,0,1,0,1,1,0,1,1,0,0,1,0,0,0,0,0,0,0
0,1,1,1,0,1,0,1,0,1,1,0,0,1,0,0,0,1,1,1,1,0,1,1,1,0,1,0,1,0,1,1,0,1,0,0,0,0
0,1,1,1,0,0,0,0,1,0,1,0,0,1,0,0,1,1,0,0,1,1,0,0,0,1,1,1,0,1,0,1,1,0,0,0,0,0
0,1,0,1,0,0,1,0,0,1,0,1,0,1,1,1,0,1,1,1,1,1,1,0,0,0,0,1,1,0,0,1,0,0,0,0,0,0
1,0,1,0,0,1,0,0,0,1,1,1,1,1,0,1,0,0,1,0,0,1,1,1,1,1,0,1,1,0,0,1,0,0,0,0,0,0
1,0,1,0,0,0,0,0,1,1,0,1,1,0,0,0,1,1,0,1,1,0,1,1,0,0,0,0,0,1,1,0,0,1,0,0,0,0
0,1,0,1,0,0,0,0,0,1,1,1,1,1,0,1,0,0,0,1,0,0,0,0,0,0,1,1,1,1,0,1,1,0,0,0,0,0
0,1,1,1,0,0,0,0,1,1,1,0,0,1,1,0,0,1,1,1,1,1,1,0,1,0,1,1,0,0,1,0,0,1,0,0,0,0
0,1,1,1,0,0,0,0,1,1,1,0,1,0,1,1,1,1,1,0,0,1,0,1,0,0,1,0,0,1,0,0,1,0,0,0,0,0
1,0,1,0,0,1,1,0,1,1,1,1,0,0,0,0,1,1,1,1,1,0,0,0,1,0,1,0,1,1,0,0,0,1,0,0,0,0
1,0,0,0,0,1,1,1,1,1,1,0,0,0,0,0,0,1,0,1,0,1,0,0,0,0,1,1,0,1,0,1,0,1,0,0,0,0
0,1,0,1,1,1,1,0,0,1,0,0,1,1,1,0,1,0,0,1,1,1,0,0,0,1,1,0,1,1,0,0,0,1,0,0,0,0
1,0,0,1,1,1,0,1,1,1,0,0,0,1,1,0,1,0,0,1,0,0,1,1,0,0,1,0,1,1,1,0,1,1,0,0,0,0
0,1,0,1,0,0,0,0,1,0,0,1,0,1,1,1,0,0,1,1,1,1,0,1,1,1,1,0,0,1,1,0,1,0,0,0,0,0
0,1,0,1,1,0,1,0,0,1,1,0,0,0,1,0,1,0,0,1,1,0,1,1,0,1,0,0,0,1,1,0,1,1,0,0,0,0
0,1,1,0,0,1,0,1,0,0,1,1,0,1,0,1,0,0,1,0,1,1,1,1,0,1,1,1,0,1,1,1,0,0,0,0,0,0
0,1,1,1,0,0,0,0,1,0,1,0,1,0,1,1,0,1,1,0,0,0,0,1,0,0,0,0,0,1,1,1,1,0,0,0,0,0
0,1,0,1,1,0,1,0,0,0,1,0,0,1,0,1,0,0,1,0,1,0,1,0,1,0,0,0,0,1,0,0,0,1,0,0,0,0
0,1,1,0,1,0,0,1,0,0,0,0,1,0,1,1,1,0,1,0,1,0,0,1,0,0,1,0,0,0,1,1,0,0,0,0,0,0
1,0,0,1,1,1,1,1,0,0,0,1,1,1,1,1,0,0,0,1,0,0,1,1,1,1,1,0,1,1,1,0,1,0,0,0,0,0
1,0,1,0,0,1,1,1,0,1,1,1,0,1,1,1,1,1,1,1,0,0,0,0,1,0,1,0,1,1,0,0,1,1,0,0,0,0
0,1,0,1,0,1,1,1,0,1,0,0,1,1,0,1,0,1,1,0,1,1,0,1,1,1,0,1,1,0,1,1,1,0,0,0,0,0
0,1,1,1,1,1,1,1,1,0,0,1,1,0,1,1,0,1,1,1,1,1,1,0,0,1,1,0,1,0,1,1,0,0,0,0,0,0
1,0,0,1,1,1,1,1,1,0,0,1,1,0,1,1,1,0,1,1,1,1,1,1,0,0,1,1,0,1,1,1,0,0,0,0,0,0
0,1,0,1,0,0,0,1,1,1,0,0,0,1,0,1,1,1,0,0,1,0,1,1,1,0,0,0,0,0,1,1,1,0,0,0,0,0
1,0,0,0,0,0,0,1,0,1,0,1,1,0,1,1,1,0,1,0,0,0,1,1,0,0,1,0,0,1,1,0,0,1,0,0,0,0
1,0,0,1,1,0,0,0,1,0,0,0,1,1,1,0,0,0,0,0,1,1,0,0,0,1,0,0,1,1,0,1,1,1,0,0,0,0
1,0,1,0,0,1,0,0,0,1,1,1,0,1,1,1,1,0,0,1,1,1,0,0,1,1,0,0,0,1,1,1,1,1,0,0,0,1
1,0,0,0,1,0,0,0,0,0,1,1,0,1,0,1,0,0,0,0,0,0,1,1,1,1,1,0,0,1,0,1,0,1,0,0,0,0
1,0,0,1,0,1,1,0,0,0,0,1,1,0,0,1,1,0,0,1,0,1,1,0,1,0,1,0,1,1,1,1,0,0,0,0,0,0
0,1,0,1,0,1,1,1,0,1,0,0,1,0,0,1,0,1,0,0,0,1,1,1,1,1,0,1,1,0,0,0,1,0,0,0,0,0
0,1,1,0,1,0,0,1,0,1,1,0,1,1,0,1,1,0,1,0,0,1,1,0,1,0,0,1,0,1,1,0,0,0,0,0,0,0
0,1,0,1,0,1,0,0,1,1,1,1,1,1,1,1,0,1,0,0,1,1,1,0,1,0,1,1,0,0,0,0,1,1,0,0,0,1
1,0,1,0,0,0,0,0,1,0,1,1,1,1,1,0,0,0,0,1,0,0,0,1,1,0,1,1,1,0,0,1,1,0,0,0,0,0
0,1,1,1,1,0,1,1,0,1,1,1,1,1,0,0,1,0,1,1,0,1,0,0,1,1,0,0,1,0,0,0,1,0,0,0,0,0
1,0,1,0,0,1,0,0,1,0,0,0,1,1,0,1,1,1,1,0,0,1,0,0,1,0,0,0,0,1,0,0,0,0,0,0,0,0
1,0,0,0,0,0,1,1,1,0,1,0,0,0,1,0,0,0,0,0,1,0,0,0,1,1,0,0,0,1,1,1,0,0,0,0,0,0
0,1,1,1,0,1,0,1,1,0,0,1,0,0,0,1,0,0,0,0,1,0,1,1,0,0,1,0,0,0,1,1,1,1,0,0,0,0
0,1,1,1,1,0,0,0,0,0,0,1,1,0,0,1,1,1,1,0,0,0,1,1,0,1,0,0,0,1,0,0,0,0,0,0,0,0
0,1,1,1,0,0,1,0,0,1,0,0,1,1,0,1,1,0,1,0,1,0,0,1,0,0,0,1,1,0,1,1,1,0,0,0,0,0
1,0,0,1,0,1,1,0,1,1,1,0,0,1,0,1,1,1,0,0,0,0,1,0,0,0,1,0,0,0,1,1,1,1,0,0,0,0
0,1,1,0,1,0,1,1,1,1,1,1,1,1,1,1,1,0,0,1,0,1,0,0,0,0,1,0,0,1,1,0,1,1,0,0,0,0
0,1,0,1,1,0,1,0,1,1,0,1,0,0,1,0,1,1,0,0,0,0,1,0,0,0,1,1,0,1,1,0,1,1,0,0,0,0
0,1,0,1,1,1,1,0,0,1,0,0,1,1,1,1,0,0,0,1,0,0,1,1,0,1,1,1,0,0,0,1,0,0,0,0,0,0
0,1,0,1,1,1,1,1,1,0,1,0,1,1,1,1,0,0,1,1,1,0,1,1,0,1,1,0,1,0,1,1,0,1,0,0,0,0
0,1,1,0,1,0,1,0,0,0,1,1,0,1,0,0,0,1,0,1,1,0,0,1,0,1,0,0,1,0,0,1,0,0,0,0,0,0
0,1,1,0,1,0,0,1,0,1,1,1,0,0,0,1,1,1,0,0,0,0,1,1,0,1,1,1,0,0,0,1,0,1,0,0,0,0
1,0,0,1,0,0,0,1,1,1,0,1,0,1,1,0,1,0,0,1,1,0,1,1,1,1,1,0,1,0,0,1,1,0,0,0,0,0
0,1,1,1,1,0,1,1,1,0,0,0,0,1,0,0,0,1,1,0,1,1,1,0,0,1,0,1,0,0,1,0,1,0,0,0,0,0
0,1,1,1,0,1,0,0,0,1,1,0,1,0,1,0,1,0,0,0,0,0,0,0,0,1,0,0,1,1,1,0,1,1,0,0,0,0
1,0,0,0,1,1,1,0,0,1,0,0,1,1,1,1,1,0,1,0,0,0,1,0,0,1,1,0,1,0,0,1,1,1,0,0,0,0
1,0,0,0,1,1,0,1,1,1,1,1,0,1,1,0,0,0,1,1,0,0,0,1,0,0,0,1,0,0,1,1,0,0,0,0,0,0
1,0,0,1,0,0,0,1,0,0,1,0,0,1,0,1,0,0,0,1,0,1,0,1,0,0,1,0,0,0,1,0,1,0,0,0,0,0
0,1,0,1,1,0,1,1,0,0,0,0,1,1,0,0,1,0,1,1,0,0,0,1,1,1,0,0,0,0,0,1,1,1,0,0,0,0
1,0,0,0,0,0,1,1,1,1,0,1,0,1,0,1,1,1,0,1,0,0,0,1,1,0,0,1,1,1,0,1,0,0,0,0,0,0
0,1,1,1,0,0,1,1,1,1,0,1,1,0,0,0,1,1,1,0,0,0,0,0,0,0,0,0,1,0,0,0,1,1,0,0,0,0
1,0,0,0,0,0,1,0,0,1,1,1,0,1,1,0,0,1,1,0,1,0,0,1,1,1,1,0,0,1,0,1,1,0,0,0,0,0
0,1,1,1,1,0,0,0,0,1,1,0,0,0,0,0,0,1,1,1,0,0,1,0,1,0,0,1,1,1,1,0,1,1,0,0,0,0
1,0,0,1,1,1,0,0,0,0,0,0,0,1,1,1,0,1,0,1,0,0,1,1,0,1,0,1,0,1,0,1,0,1,0,0,0,0
0,1,1,1,1,1,0,1,0,0,0,1,0,0,0,1,1,0,0,1,1,1,0,0,1,1,0,0,1,0,1,0,0,0,0,0,0,1
1,0,0,1,0,1,1,0,1,0,1,0,1,1,0,1,0,1,0,1,1,1,0,0,0,1,0,0,0,1,1,0,0,0,0,0,0,0
0,1,0,1,0,0,0,0,1,1,0,1,1,0,0,1,0,0,0,1,1,1,0,1,1,1,1,0,1,0,1,0,0,0,0,0,0,0
0,1,1,0,1,1,0,1,0,0,0,1,0,1,0,1,1,0,0,0,0,1,1,0,1,1,1,0,1,1,1,1,1,1,0,0,0,0
0,1,1,1,1,1,0,0,1,1,1,0,1,0,0,1,1,1,1,0,1,0,1,0,0,1,1,0,1,1,1,1,1,0,0,0,0,0
0,1,1,1,1,1,0,0,0,1,0,0,0,0,1,1,1,1,1,0,0,1,1,1,1,0,1,0,1,0,0,0,0,0,0,0,0,0
0,1,0,1,0,1,0,0,0,1,0,1,1,1,0,0,1,1,0,0,0,0,1,1,1,1,1,1,1,0,0,1,0,0,0,0,0,0
1,0,0,1,1,0,0,0,0,0,1,1,0,0,0,1,1,1,1,0,0,0,1,1,0,0,1,0,1,0,1,0,0,0,0,0,0,0
1,0,0,0,0,1,0,1,1,0,1,0,0,0,0,0,1,0,1,1,0,0,0,0,1,1,1,0,1,1,0,1,0,1,0,0,0,0
1,0,0,1,1,1,0,1,0,0,0,1,1,0,1,0,1,1,0,1,0,1,1,1,1,0,0,0,1,1,1,1,0,1,0,0,0,0
1,0,0,0,1,1,0,0,0,0,1,1,0,0,1,1,0,1,1,1,0,0,0,0,0,0,0,0,0,0,1,0,0,0,0,0,0,0
0,1,1,1,1,0,0,0,1,0,1,1,1,0,0,0,0,1,0,1,1,0,1,0,0,1,0,0,1,0,0,0,0,1,0,0,0,0
0,1,1,0,0,1,0,0,1,1,0,1,1,1,0,0,0,0,1,0,0,0,1,0,1,1,0,1,0,1,0,1,1,0,0,0,0,0
0,1,0,1,1,0,0,0,0,1,1,1,0,1,0,0,0,1,0,0,1,0,1,1,0,0,0,1,0,1,1,0,0,1,0,0,0,0
0,1,1,0,1,1,0,0,1,1,1,0,1,1,0,0,1,0,1,0,1,1,1,1,1,0,0,1,1,1,0,1,0,1,0,0,0,0
0,1,0,1,1,0,0,0,0,0,1,0,1,1,0,1,0,0,1,0,1,0,0,1,0,0,1,1,1,1,1,1,1,0,0,0,0,0
0,1,0,1,1,0,1,0,1,0,1,0,1,0,0,1,0,1,0,0,1,1,1,1,0,1,0,0,0,0,0,0,1,0,0,0,0,0
1,0,0,0,1,0,1,0,0,1,0,1,0,0,0,1,1,1,1,0,0,1,0,0,0,1,0,0,0,0,0,0,0,1,0,0,0,0
1,0,0,1,0,0,0,0,0,0,1,0,1,1,1,0,1,1,1,0,0,1,0,0,0,0,1,1,1,0,1,1,1,0,0,0,0,0
1,0,0,1,0,1,0,1,1,1,1,1,1,1,1,0,0,0,1,1,1,0,1,0,1,1,1,0,0,1,1,0,0,1,0,0,0,0
0,1,1,1,1,0,1,1,0,0,0,0,0,1,0,0,0,0,0,0,0,0,0,1,1,0,1,1,1,1,0,0,0,1,0,0,0,0
0,1,1,1,0,0,0,1,0,1,0,1,1,0,1,0,0,1,1,1,1,0,0,1,0,0,1,1,1,1,1,1,1,0,0,0,0,0
0,1,1,1,1,1,1,1,0,1,1,1,0,1,0,0,1,0,0,1,1,1,1,0,1,0,1,0,0,0,1,0,1,1,0,0,0,0
1,0,0,0,1,0,1,0,0,0,1,1,0,1,0,0,0,1,0,0,0,1,1,1,1,0,1,0,1,1,1,1,0,1,0,0,0,0
0,1,1,0,0,0,0,1,1,0,1,1,1,0,1,0,0,1,0,0,0,0,1,1,0,1,0,0,1,0,1,1,0,0,0,0,0,0
1,0,0,1,1,0,1,1,1,1,0,1,0,1,0,1,1,0,1,1,1,0,0,0,1,1,1,1,1,0,0,0,0,0,0,0,0,0
0,1,1,1,1,1,0,0,0,1,1,1,1,1,0,0,0,0,1,0,1,0,0,0,1,1,1,0,0,1,1,0,1,1,0,0,0,0
1,0,0,1,0,0,1,0,1,0,1,1,0,0,0,1,0,0,1,1,1,0,1,0,0,0,0,1,1,0,0,1,0,1,0,0,0,0
0,1,0,1,1,0,1,0,0,1,1,0,1,0,0,1,0,1,0,1,0,1,0,0,0,1,1,1,0,1,1,1,1,1,0,0,0,0
0,1,0,1,1,0,0,0,1,0,1,1,1,0,0,1,0,0,1,1,0,1,0,1,0,1,0,0,1,1,0,0,1,0,0,0,0,0
0,1,0,0,1,0,1,1,0,0,0,0,1,1,0,0,1,1,1,1,1,1,1,1,0,0,1,1,1,0,0,0,1,1,0,0,0,0
0,1,1,0,1,1,1,0,1,0,1,1,0,0,0,1,1,1,1,0,1,0,0,0,0,1,1,0,0,1,0,1,0,0,0,0,0,0
1,0,0,0,1,0,0,1,1,0,1,0,1,0,1,1,0,1,0,0,0,1,0,1,1,1,0,1,0,1,0,1,0,0,0,0,0,0
1,0,0,1,0,0,1,1,1,1,1,1,0,1,0,1,0,0,0,0,0,1,0,1,1,1,1,1,0,0,0,1,1,1,0,0,0,0
0,1,0,1,1,0,1,0,0,1,0,0,0,0,1,1,1,1,0,0,0,1,1,1,0,1,1,0,1,1,1,0,0,1,0,0,0,0
0,1,1,1,1,1,1,0,1,1,1,1,0,0,1,0,1,1,1,0,1,0,0,0,0,1,1,1,0,1,0,1,1,0,0,0,0,0
1,0,0,0,0,1,0,0,0,0,1,1,0,1,0,0,0,0,1,1,0,0,1,0,0,1,1,0,0,0,0,1,0,1,0,0,0,0
0,1,0,1,0,1,1,1,1,0,1,1,0,1,0,0,1,1,0,1,0,0,0,1,1,1,0,0,0,0,0,0,1,1,0,0,0,0
0,1,0,1,1,1,1,1,1,1,1,1,1,0,0,1,1,0,0,1,0,1,0,1,0,0,1,1,1,0,1,1,1,0,0,0,0,0
0,1,1,1,1,1,1,0,0,0,0,0,1,0,1,1,1,0,0,0,0,1,0,1,1,1,0,1,0,1,1,1,0,0,0,0,0,0
0,1,1,0,0,0,1,1,1,0,1,0,1,1,1,1,0,0,1,1,1,0,1,0,0,1,0,1,1,1,0,1,0,0,0,0,0,0
1,0,0,1,0,1,1,0,1,1,1,1,1,0,0,0,0,0,1,1,1,1,1,1,0,1,1,0,1,0,1,0,1,0,0,0,0,0
0,1,0,1,1,0,1,1,0,1,0,0,1,0,1,0,1,1,1,1,0,1,0,1,0,0,0,1,0,1,1,0,1,0,0,0,0,0
0,1,1,1,1,0,1,1,1,0,0,0,0,0,1,1,0,1,1,1,0,1,1,1,0,0,1,0,0,0,0,1,0,1,0,0,0,0
1,0,0,1,1,1,0,0,1,0,1,1,0,1,1,1,1,0,0,0,0,1,1,1,0,1,0,1,1,1,0,1,1,0,0,0,0,0
1,0,0,0,1,0,1,0,0,1,1,0,0,0,1,1,1,1,1,0,0,0,0,1,0,1,0,1,1,0,1,0,1,0,0,0,0,0
1,0,0,1,1,1,0,0,1,1,0,0,0,1,1,0,1,1,0,0,0,0,1,1,1,0,0,0,0,0,1,1,0,0,0,0,0,0
1,0,0,0,1,0,1,0,0,0,0,0,0,0,1,0,1,0,1,0,1,1,0,1,0,1,0,1,0,0,1,0,0,0,0,0,0,0
0,1,0,1,0,1,0,0,0,1,1,1,0,0,0,0,1,1,1,0,0,1,1,0,0,1,1,0,0,1,0,0,0,1,0,0,0,0
1,0,0,0,0,0,1,1,1,1,0,0,1,1,1,0,1,1,0,0,1,1,1,1,0,0,1,0,1,1,1,0,0,0,0,0,0,0
0,1,1,1,0,1,1,0,1,1,1,0,1,0,0,1,0,1,1,0,0,1,1,1,0,1,0,0,0,1,0,0,1,0,0,0,0,0
0,1,1,0,0,1,1,1,0,1,0,0,0,0,1,0,0,1,0,1,0,0,1,1,1,0,0,0,0,0,0,0,0,0,0,0,0,0
0,1,0,0,1,1,0,0,0,1,1,0,0,1,1,0,0,1,1,0,1,1,1,0,0,0,0,0,0,0,1,0,0,0,0,0,0,1
1,0,1,0,0,1,0,1,1,1,0,1,1,0,1,0,0,1,1,1,0,0,1,1,0,1,1,0,0,1,1,1,0,1,0,0,0,0
1,0,0,1,1,1,1,1,0,1,1,1,0,0,0,0,1,0,1,1,0,0,0,0,0,1,0,0,0,1,0,0,0,0,0,0,0,0
0,1,0,0,1,1,0,1,1,0,1,0,0,1,1,0,1,0,1,0,0,1,1,0,0,1,0,1,0,0,1,1,1,0,0,0,0,0
0,1,0,1,0,1,0,1,1,1,1,1,1,0,1,1,0,0,0,1,1,1,0,0,1,1,1,1,1,0,0,0,1,0,0,0,0,0
0,1,1,0,1,1,1,0,0,0,0,0,1,1,0,1,1,0,0,0,1,0,1,0,1,1,0,0,0,0,1,0,0,0,0,0,0,0
0,1,1,0,1,0,1,0,1,0,1,0,1,1,0,1,1,1,1,1,1,0,1,0,0,1,0,1,1,1,1,0,1,1,0,0,0,0
0,1,0,0,1,1,0,0,1,1,1,0,0,1,0,0,0,1,1,0,1,1,0,0,0,0,0,0,1,0,0,1,0,1,0,0,0,0
0,1,1,1,1,1,1,0,0,0,1,1,0,1,0,1,0,1,0,0,1,0,1,1,0,0,1,1,0,0,1,1,0,0,0,0,0,0
1,0,0,1,1,1,1,1,1,1,1,0,0,0,1,1,1,0,0,0,0,1,0,1,1,1,0,1,1,0,0,1,0,1,0,0,0,0
1,0,0,0,1,1,0,1,1,1,0,0,0,0,1,0,1,0,1,0,1,0,0,0,0,1,0,1,0,0,1,1,0,1,0,0,0,0
1,0,0,1,1,1,0,1,0,0,0,1,1,0,1,1,0,1,1,1,1,1,0,0,0,1,0,1,1,0,1,0,1,1,0,0,0,0
0,1,1,0,1,1,1,0,0,1,0,0,1,0,1,1,0,1,1,1,0,0,1,0,1,0,0,0,1,0,0,1,0,1,0,0,0,0
0,1,0,0,1,0,1,1,1,0,1,0,1,1,0,1,0,1,1,1,0,1,1,0,1,1,1,0,1,1,1,1,0,0,0,0,0,0
0,1,1,0,1,1,0,1,1,0,0,0,0,1,1,1,1,1,1,1,0,1,1,1,1,1,0,0,1,1,1,1,1,1,0,0,0,0
0,1,1,1,1,0,0,0,1,1,0,1,1,0,0,1,0,0,0,1,0,0,1,1,0,1,0,1,1,0,1,1,1,0,0,0,0,0
1,0,0,0,0,0,0,1,1,1,0,1,1,0,1,0,0,0,1,0,1,0,1,0,1,0,0,0,0,0,0,1,1,1,0,0,0,0
1,0,0,1,0,0,1,0,1,0,0,0,0,1,1,0,1,1,1,0,1,0,1,1,0,1,1,0,1,0,0,1,0,0,0,0,0,0
1,0,0,0,0,0,0,0,0,1,1,0,1,1,0,1,1,1,1,1,1,1,1,0,0,1,0,1,1,0,1,1,1,0,0,0,0,0
1,0,1,0,0,1,0,0,1,1,1,1,0,0,1,1,1,0,1,0,1,1,0,0,0,1,1,0,1,1,0,0,1,0,0,0,0,0
0,1,1,0,1,1,0,1,0,1,0,1,1,0,0,0,0,1,1,1,1,0,0,1,1,0,0,1,1,0,1,1,1,1,0,0,0,0
0,1,1,0,1,1,0,0,0,0,0,0,1,1,1,0,0,1,0,0,0,1,1,0,1,1,1,1,1,0,0,0,0,0,0,0,0,0
1,0,0,1,0,0,0,0,1,1,1,1,0,0,0,1,0,0,0,0,1,1,0,0,0,0,1,1,0,1,1,0,0,1,0,0,0,0
0,1,1,0,1,1,0,1,1,1,0,1,0,0,0,1,0,1,0,1,0,0,0,1,0,1,0,0,0,1,1,1,0,0,0,0,0,0
0,1,0,1,1,0,1,1,1,0,0,1,1,0,0,1,0,0,1,1,1,1,0,1,1,1,1,1,1,0,1,1,0,1,0,0,0,1
0,1,0,0,1,1,0,1,1,1,0,0,1,1,0,0,1,0,1,0,0,0,0,1,0,0,1,1,1,0,1,0,0,0,0,0,0,0
1,0,0,1,1,1,1,0,1,1,1,0,0,1,1,1,0,1,1,0,0,1,0,1,0,0,1,0,1,0,1,1,1,1,0,0,0,0
1,0,0,0,0,0,0,0,0,1,1,0,1,0,1,1,1,0,0,0,1,1,1,1,1,1,0,0,1,1,0,0,1,0,0,0,0,0
0,1,0,1,0,0,1,0,0,1,1,1,1,1,0,1,1,1,0,1,1,1,0,1,1,0,1,1,0,1,0,0,1,1,0,0,0,0
1,0,0,1,0,1,1,1,0,1,0,1,1,1,1,0,1,1,0,0,0,1,1,1,1,0,0,1,0,1,0,1,1,1,0,0,0,0
1,0,1,0,0,0,1,1,1,0,1,1,0,0,0,0,1,1,1,1,1,1,0,0,0,1,1,0,0,1,0,0,0,1,0,0,0,0
0,1,1,0,1,1,0,0,1,1,1,1,1,0,0,1,0,1,0,0,1,1,1,1,0,1,1,0,1,1,0,1,0,0,0,0,0,0
0,1,1,1,0,1,1,1,0,1,0,1,1,0,0,0,0,0,0,1,0,1,1,0,1,1,0,1,0,1,1,0,1,1,0,0,0,0
0,1,0,1,0,1,0,0,1,0,0,0,1,0,0,1,1,0,0,0,1,0,1,0,0,1,1,0,0,0,0,0,0,0,0,0,0,0
0,1,0,1,0,0,1,1,0,0,1,1,1,0,1,0,0,0,0,0,1,1,0,0,1,1,0,0,0,0,0,1,0,1,0,0,0,0
0,1,1,1,0,1,1,1,0,1,0,0,1,0,1,1,0,0,1,0,0,1,0,0,1,0,1,0,0,0,0,1,0,1,0,0,0,0
0,1,0,1,1,1,1,0,0,0,0,1,1,1,1,1,0,1,0,0,1,0,1,1,1,1,1,1,1,1,1,1,0,0,0,0,0,0
0,1,1,1,1,0,1,1,0,1,1,0,1,1,1,0,0,1,0,0,0,0,1,0,0,0,0,0,1,1,0,1,1,0,0,0,0,0
0,1,1,1,0,0,1,1,1,1,1,0,0,0,1,0,0,0,0,1,0,0,0,0,1,1,1,1,0,0,0,0,1,0,0,0,0,0
1,0,1,0,0,0,1,0,1,0,0,0,0,0,1,1,0,0,1,1,1,0,0,0,0,0,1,1,0,0,0,1,1,1,0,0,0,0
0,1,1,0,0,1,0,0,1,0,0,1,1,1,1,1,0,1,1,0,0,0,0,0,0,0,0,0,0,1,1,0,0,1,0,0,0,0
0,1,1,1,1,0,0,1,0,1,0,0,1,1,1,0,0,0,0,0,1,1,1,0,0,1,0,0,0,0,0,1,1,1,0,0,0,0
0,1,1,1,0,1,0,1,0,0,1,1,0,1,0,0,1,0,1,1,0,1,0,0,0,0,1,1,1,0,0,1,0,1,0,0,0,0
0,1,0,0,1,1,1,0,1,1,1,1,0,0,0,0,0,0,0,1,1,0,0,0,1,0,1,1,0,1,0,0,1,0,0,0,0,0
0,1,1,1,0,1,0,1,1,1,1,0,1,0,1,1,0,0,0,0,1,1,1,0,1,1,1,1,0,1,1,0,1,0,0,0,0,0
1,0,0,0,0,1,0,0,1,1,1,1,0,0,1,0,0,0,0,1,1,0,0,0,1,1,1,0,0,0,0,1,1,1,0,0,0,0
1,0,0,1,0,1,1,0,0,1,1,1,0,0,1,0,0,1,1,1,0,1,0,1,1,0,0,0,1,0,0,1,1,1,0,0,0,0
1,0,0,0,1,1,0,1,0,0,0,1,1,0,0,1,0,1,0,1,1,0,1,1,0,1,0,0,0,0,1,0,1,1,0,0,0,0
1,0,1,0,0,1,0,1,0,1,0,0,1,1,0,1,0,1,0,0,0,0,1,0,0,1,1,0,0,0,1,0,0,1,0,0,0,0
1,0,1,0,0,1,1,0,1,0,0,0,0,1,1,0,1,1,1,1,1,0,0,0,0,1,1,1,0,0,0,1,0,1,0,0,0,0
1,0,0,0,0,0,1,1,0,1,0,0,0,0,1,0,1,1,0,1,1,1,1,0,1,0,0,1,1,0,0,0,0,1,0,0,0,0
0,1,1,0,1,0,0,1,1,0,0,0,1,1,1,0,0,1,0,0,0,1,0,0,0,0,1,1,0,0,1,0,0,0,0,0,0,0
0,1,1,1,1,0,0,0,0,0,1,0,0,1,0,0,1,0,1,1,0,0,0,0,0,0,1,0,1,0,0,0,1,0,0,0,0,0
1,0,0,0,0,0,0,1,1,1,1,0,0,1,1,0,0,1,0,1,1,1,0,0,0,1,1,1,0,1,0,0,1,0,0,0,0,0
1,0,1,0,0,1,1,0,0,1,1,0,1,1,1,0,0,1,0,1,1,1,0,1,1,0,0,1,1,1,0,1,0,1,0,0,0,0
1,0,0,1,1,1,1,1,0,1,1,0,1,0,0,1,1,1,0,1,0,0,1,0,0,1,1,1,0,1,0,0,0,0,0,0,0,0
1,0,0,0,1,1,0,1,1,0,1,1,1,1,1,1,0,0,1,0,0,1,1,1,0,0,0,1,1,0,1,1,1,1,0,0,0,0
0,1,1,1,0,0,0,1,0,0,0,0,1,1,1,0,1,1,1,1,0,0,0,1,0,1,0,0,1,1,1,1,1,0,0,0,0,0
1,0,1,0,0,1,1,0,0,0,1,0,1,0,1,1,0,0,0,1,1,0,0,0,1,0,0,0,1,0,1,1,1,0,0,0,0,0
0,1,1,1,0,0,1,1,0,1,1,1,0,1,1,1,1,1,1,0,1,1,0,0,0,0,0,1,0,1,1,0,1,0,0,0,0,1
0,1,0,1,1,0,1,0,1,1,1,1,1,0,0,1,0,1,1,1,1,1,0,1,0,1,1,0,0,0,0,0,0,0,0,0,0,0
0,1,1,0,0,1,0,0,1,1,1,0,0,0,1,0,1,0,1,0,0,1,0,1,0,0,0,1,1,0,0,0,0,0,0,0,0,0
1,0,0,0,0,1,0,0,1,0,0,1,0,0,1,0,1,0,1,0,1,1,1,0,1,0,0,1,1,1,0,0,1,1,0,0,0,0
0,1,0,1,1,0,0,0,1,0,0,0,0,1,1,1,1,1,1,1,1,1,1,1,1,0,1,0,0,1,0,0,1,0,0,0,0,0
0,1,1,1,1,0,1,0,1,1,0,1,1,1,1,1,0,0,1,1,1,1,1,0,0,0,0,1,1,1,0,1,0,1,0,0,0,0
0,1,1,0,0,0,1,0,0,1,0,1,1,0,1,1,0,1,1,0,1,0,0,0,1,1,1,1,0,1,0,0,1,0,0,0,0,0
1,0,0,1,1,1,1,0,0,1,0,0,0,0,0,1,0,1,1,1,1,1,0,1,1,1,0,1,1,0,1,1,1,0,0,0,0,0
1,0,0,1,0,0,1,0,0,0,1,1,1,1,1,1,0,0,0,0,0,0,0,0,0,0,1,0,0,1,1,1,1,1,0,0,0,0
1,0,0,1,1,1,1,1,0,0,0,0,0,0,0,1,1,0,0,1,1,0,1,1,1,1,1,1,1,1,0,0,1,0,0,0,0,0
1,0,0,1,0,0,1,1,1,1,1,1,0,1,0,1,0,0,1,0,0,0,0,1,0,1,1,0,1,0,0,1,0,0,0,0,0,0
0,1,0,0,1,0,1,1,0,0,0,0,0,0,1,1,0,1,0,0,0,1,0,0,1,1,1,1,1,1,0,0,1,1,0,0,0,0
0,1,0,1,0,0,0,1,0,0,1,1,1,1,0,1,1,1,1,1,0,1,1,1,1,1,0,0,1,0,0,1,0,0,0,0,0,0
1,0,0,1,1,0,1,1,1,1,1,1,0,1,0,0,1,0,0,1,1,1,1,1,0,0,1,0,0,0,0,0,0,0,0,0,0,0
0,1,1,1,1,0,0,1,1,0,1,1,0,1,1,0,1,1,0,0,1,1,1,0,0,0,0,0,1,1,0,1,1,0,0,0,0,0
0,1,1,0,1,1,1,1,1,0,1,1,1,1,0,0,0,1,0,0,1,1,1,0,0,0,0,0,0,1,1,0,1,1,0,0,0,0
0,1,1,1,1,0,0,1,1,0,0,1,1,0,0,1,0,0,1,1,1,0,1,0,1,0,1,0,0,1,0,0,0,1,0,0,0,1
0,1,0,1,1,1,1,1,1,1,1,0,1,1,1,0,1,0,0,1,0,0,0,1,0,1,1,0,1,0,0,0,1,0,0,0,0,1
0,1,1,0,0,0,1,0,0,0,0,0,0,1,1,0,1,0,0,1,0,1,0,0,1,0,1,0,0,1,0,1,1,0,0,0,0,0
1,0,0,0,1,1,0,0,1,0,0,0,1,0,0,1,0,0,0,1,0,1,1,0,1,1,1,0,0,0,1,1,0,1,0,0,0,0
0,1,1,0,0,1,0,1,0,1,1,0,1,1,1,1,0,1,1,1,0,0,0,1,0,1,1,0,0,1,1,1,1,1,0,0,0,0
0,1,1,1,0,1,1,0,0,1,0,1,0,1,1,1,0,1,1,0,0,0,1,0,0,1,0,0,1,0,0,1,0,1,0,0,0,0
1,0,0,0,1,0,0,0,0,0,1,0,1,0,0,1,0,0,0,1,1,0,1,1,0,0,1,1,0,0,0,0,1,0,0,0,0,0
1,0,0,1,0,0,1,1,0,1,1,1,0,0,1,1,0,1,1,0,1,0,1,1,0,0,1,1,1,0,1,1,1,1,0,0,0,0
0,1,0,1,1,1,0,1,1,0,0,0,0,1,0,1,0,1,0,0,1,1,0,1,0,1,1,0,0,0,1,1,1,0,0,0,0,0
0,1,1,0,1,1,1,0,0,0,1,0,0,0,0,1,0,0,0,1,1,0,1,0,1,0,1,1,0,0,0,1,0,1,0,0,0,0
0,1,0,1,1,0,1,0,0,1,0,0,1,1,1,1,1,0,1,1,0,0,0,0,0,0,1,0,0,0,1,1,0,0,0,0,0,0
1,0,0,1,0,1,0,1,1,0,1,1,0,0,1,1,1,0,1,0,0,0,0,0,1,1,1,1,1,1,1,1,1,1,0,0,0,0
1,0,0,0,1,1,1,0,1,1,1,0,0,0,0,1,1,0,1,1,1,0,0,1,1,0,1,1,0,1,0,0,1,0,0,0,0,0
0,1,0,0,1,1,0,0,0,0,0,1,1,1,1,1,0,0,1,0,0,1,1,1,1,0,0,0,1,1,0,0,0,1,0,0,0,0
0,1,1,0,0,1,1,0,0,1,1,1,0,0,1,1,0,1,1,1,0,0,0,0,0,0,1,1,1,1,1,0,0,1,0,0,0,0
0,1,1,1,1,1,1,1,0,1,0,1,1,1,0,0,1,1,0,0,1,1,0,1,0,0,1,1,1,0,0,1,0,1,0,0,0,0
1,0,0,0,1,1,0,1,1,1,0,0,0,1,1,0,1,1,1,1,0,0,1,0,1,1,1,1,0,1,0,1,0,1,0,0,0,0
0,1,1,1,0,0,1,1,1,1,1,1,0,0,1,0,0,1,1,1,0,0,1,0,0,0,0,0,1,1,1,0,0,0,0,0,0,0
1,0,0,1,1,0,0,1,1,0,1,1,1,1,1,0,1,1,1,0,1,1,0,1,0,0,0,0,0,0,1,0,1,0,0,0,0,0
0,1,0,1,0,0,1,1,1,1,1,0,0,1,0,1,0,1,0,1,0,0,0,1,0,1,0,1,1,1,0,0,0,0,0,0,0,0
0,1,0,1,1,0,1,1,1,0,0,0,1,0,1,0,0,0,0,1,0,1,0,0,0,0,1,0,0,1,0,1,0,1,0,0,0,0
0,1,1,1,1,1,1,1,1,0,1,1,1,0,1,0,0,1,0,1,1,0,1,1,0,1,1,0,1,0,1,1,0,1,0,0,0,0
1,0,0,1,0,1,1,0,0,1,1,1,1,1,0,0,1,0,0,1,0,1,0,0,0,1,1,1,1,0,1,1,0,0,0,0,0,0
0,1,1,1,1,1,0,0,0,1,0,0,1,0,1,0,0,0,1,0,0,0,0,0,1,0,1,0,1,1,0,0,1,0,0,0,0,0
0,1,0,1,1,0,0,1,0,0,1,0,0,0,1,1,1,0,1,0,0,0,1,1,0,1,1,0,0,1,0,0,1,0,0,0,0,0
0,1,0,1,0,0,1,1,0,1,1,1,0,0,1,1,1,0,1,1,1,1,0,0,0,0,1,1,0,1,1,0,0,0,0,0,0,0
0,1,0,1,1,1,1,1,1,0,1,0,1,0,0,1,0,1,1,1,1,0,0,1,0,1,1,0,1,0,1,1,1,0,0,0,0,0
1,0,1,0,0,1,0,1,0,0,1,1,0,0,0,1,0,1,0,0,0,0,0,1,1,1,0,0,1,1,1,0,0,0,0,0,0,0
1,0,0,1,1,0,0,0,0,1,0,1,0,1,1,0,0,1,0,0,0,0,1,0,0,0,0,1,0,0,1,1,1,1,0,0,0,0
0,1,0,1,0,1,0,0,1,1,1,0,1,0,0,1,0,0,0,0,0,1,1,0,1,1,1,1,0,1,0,0,1,0,0,0,0,0
1,0,0,1,1,1,0,1,1,1,1,0,0,0,0,1,0,1,0,0,0,0,0,1,0,0,0,0,0,1,0,0,0,1,0,0,0,0
0,1,1,0,1,0,1,0,1,1,1,1,0,0,0,1,1,1,1,1,1,1,1,1,1,0,1,1,0,0,1,1,0,1,0,0,0,0
0,1,0,1,0,1,1,0,0,0,1,1,1,1,0,1,0,1,0,1,1,0,0,0,1,0,0,0,1,0,0,1,1,0,0,0,0,0
1,0,0,0,0,0,1,0,0,0,0,1,1,1,0,0,1,0,0,0,1,0,1,0,1,0,1,1,0,0,0,1,1,1,0,0,0,0
1,0,1,0,0,0,1,0,0,0,1,1,1,0,1,0,1,0,0,0,1,1,0,0,1,0,1,0,1,1,0,1,1,1,0,0,0,0
0,1,1,0,0,0,0,0,1,1,0,0,1,1,0,1,1,0,0,1,1,1,1,0,1,1,0,1,1,0,0,1,0,1,0,0,0,0
0,1,0,1,0,1,0,1,1,0,1,1,0,0,1,1,0,1,0,0,0,1,0,0,0,0,0,0,0,1,1,0,1,1,0,0,0,0
0,1,1,0,0,0,0,1,0,1,0,1,1,1,1,0,1,1,1,1,0,1,0,1,1,1,1,0,0,0,0,1,0,1,0,0,0,0
1,0,0,1,0,0,0,1,0,1,0,0,0,1,0,1,1,0,1,0,0,0,0,0,0,1,1,0,1,1,1,1,0,0,0,0,0,0
1,0,0,1,1,0,0,0,1,0,1,0,0,1,0,0,1,1,1,0,1,1,1,1,1,0,1,0,1,1,0,1,1,1,0,0,0,0
0,1,0,0,1,1,0,1,1,1,0,0,0,0,1,0,0,0,1,0,0,1,1,0,1,0,1,1,1,0,1,1,0,1,0,0,0,0
0,1,1,0,1,0,0,0,1,0,0,1,0,0,0,0,1,0,1,0,0,0,1,0,1,1,1,1,1,1,1,1,0,0,0,0,0,0
0,1,1,1,0,1,0,0,0,0,1,1,1,1,1,1,0,0,1,1,0,0,0,1,0,1,0,0,0,1,0,1,1,0,0,0,0,0
0,1,1,1,1,1,1,1,0,1,0,0,0,0,1,1,0,0,0,0,0,1,0,0,0,1,0,0,0,1,0,1,1,0,0,0,0,0
0,1,1,1,0,0,0,0,1,1,1,1,0,0,0,1,1,1,1,1,1,0,0,1,1,0,0,0,1,0,1,0,0,0,0,0,0,0
0,1,1,0,1,1,1,1,0,0,0,0,1,0,1,1,1,1,0,1,0,0,0,0,1,1,0,0,0,0,0,0,1,0,0,0,0,0
0,1,1,0,1,1,0,1,1,1,0,0,0,0,1,1,0,0,1,1,1,0,1,0,0,0,0,1,1,0,0,1,1,0,0,0,0,0
1,0,0,1,1,0,0,1,0,1,0,1,0,0,0,1,1,1,0,1,0,0,0,0,0,1,0,0,0,1,0,1,0,1,0,0,0,0
0,1,1,0,0,1,1,1,1,1,0,1,0,1,0,0,1,1,1,1,0,1,0,0,0,0,0,1,1,1,1,1,0,0,0,0,0,0
0,1,0,1,1,0,1,0,0,0,1,0,1,1,1,1,1,0,1,0,1,1,1,0,0,0,1,0,1,0,1,0,1,1,0,0,0,0
0,1,0,1,1,1,1,1,0,0,1,0,1,1,0,0,0,0,1,1,1,0,1,1,1,0,1,0,0,1,1,1,0,0,0,0,0,0
0,1,1,0,0,0,0,0,1,1,1,0,0,1,1,0,1,0,0,1,0,1,0,1,0,0,1,1,1,0,1,0,1,1,0,0,0,0
0,1,0,1,0,0,1,1,1,0,1,1,0,1,0,0,0,1,0,1,1,0,1,1,1,1,0,0,1,0,1,0,0,1,0,0,0,0
0,1,0,1,1,0,0,1,1,1,1,0,0,1,0,1,1,1,1,0,1,1,1,1,1,1,1,1,1,1,1,0,0,1,0,0,0,0
0,1,1,1,1,0,1,0,1,0,1,0,0,1,0,0,0,1,0,1,0,1,1,1,0,1,1,0,0,0,0,1,0,0,0,0,0,0
0,1,1,0,0,0,0,1,1,0,0,1,0,1,1,1,1,1,0,0,0,0,0,0,0,1,1,1,0,1,0,0,0,1,0,0,0,0
0,1,0,1,1,1,1,0,1,1,0,1,1,0,0,0,0,0,0,0,0,0,1,0,1,1,1,1,1,0,1,1,1,1,0,0,0,0
1,0,0,1,1,1,1,1,0,0,0,0,1,1,1,0,1,0,1,1,1,0,1,1,1,1,1,1,1,0,0,0,1,1,0,0,0,0
1,0,0,1,1,1,1,0,1,1,1,0,0,0,0,0,0,1,0,1,1,0,0,1,1,0,0,1,0,1,0,1,0,0,0,0,0,0
1,0,0,1,1,1,0,1,1,1,1,1,1,1,0,0,0,1,1,0,1,1,1,1,0,0,0,0,0,1,1,0,0,1,0,0,0,0
1,0,0,1,1,1,1,0,1,1,1,0,0,0,1,0,0,0,1,1,0,1,0,1,1,0,1,0,1,0,0,0,0,0,0,0,0,0
0,1,1,1,1,1,1,1,0,1,0,0,1,0,0,1,0,1,0,0,1,1,1,1,1,0,0,1,1,0,0,1,1,0,0,0,0,0
1,0,0,1,0,0,1,0,0,1,1,1,1,1,1,0,0,1,1,0,1,0,0,0,0,1,1,1,0,1,0,0,1,0,0,0,0,0
1,0,0,0,0,0,0,0,0,0,1,1,0,1,1,0,0,0,0,1,1,0,0,0,1,0,1,0,1,0,1,0,0,1,0,0,0,0
1,0,0,0,1,1,1,0,1,0,0,0,0,1,0,0,0,0,1,1,0,1,0,0,1,0,1,0,1,0,1,0,0,1,0,0,0,0
0,1,1,0,1,1,1,0,0,1,1,1,1,1,1,1,0,0,0,1,1,1,1,1,1,1,1,0,1,0,0,0,0,0,0,0,0,0
0,1,0,1,1,0,0,1,1,1,1,1,1,1,0,1,1,0,0,0,1,0,1,0,0,1,1,1,1,0,0,1,0,1,0,0,0,0
0,1,0,1,1,0,1,1,1,1,0,1,0,1,0,0,0,0,1,0,0,1,0,0,1,0,1,1,0,1,1,1,1,0,0,0,0,0
0,1,1,0,0,0,1,1,1,1,0,1,0,1,1,1,1,0,0,1,1,0,1,0,1,0,1,0,1,0,1,0,1,1,0,0,0,0
1,0,0,0,0,1,0,1,0,0,1,0,1,1,0,0,0,0,0,1,1,0,1,0,1,0,1,1,1,1,0,0,0,1,0,0,0,0
0,1,1,1,0,1,1,0,1,1,0,1,1,0,1,1,0,1,0,1,0,0,0,0,0,0,0,1,0,1,1,1,0,0,0,0,0,0
0,1,1,0,1,1,0,1,0,1,0,1,0,0,0,0,1,0,0,0,1,0,0,1,0,0,1,0,0,0,1,1,0,1,0,0,0,0
0,1,1,0,1,0,0,1,1,1,1,1,1,1,0,1,1,0,0,1,1,0,0,0,1,0,0,0,1,1,1,1,1,1,0,0,0,0
0,1,1,1,0,0,1,0,0,0,1,1,1,1,1,0,0,0,1,0,0,0,1,1,1,0,1,1,1,0,0,0,0,0,0,0,0,0
0,1,1,0,1,1,1,1,0,0,0,1,0,1,1,1,0,1,1,1,1,0,0,1,0,1,0,1,1,1,1,1,0,0,0,0,0,0
0,1,1,0,1,0,0,1,1,1,1,0,0,1,0,1,1,1,0,1,1,0,0,1,0,1,1,1,0,1,0,1,1,1,0,0,0,0
0,1,1,0,0,1,1,0,0,0,0,1,1,1,0,1,1,1,0,1,0,0,1,0,1,0,0,0,0,1,0,0,1,1,0,0,0,0
1,0,0,0,1,0,0,1,0,0,0,1,0,0,0,0,0,0,0,1,1,0,0,1,0,0,0,1,1,0,0,1,1,1,0,0,0,0
0,1,1,0,0,0,0,0,0,1,1,0,0,0,0,1,1,1,1,0,0,1,1,1,0,0,1,0,1,0,1,0,0,1,0,0,0,0
0,1,1,1,1,1,0,0,0,1,0,1,0,0,0,0,0,0,1,1,0,1,0,1,0,0,0,1,0,0,1,0,0,0,0,0,0,0
0,1,0,1,1,0,1,0,1,1,0,1,0,1,1,0,0,1,0,1,1,1,1,0,1,1,1,0,0,1,0,1,1,0,0,0,0,0
0,1,0,1,1,1,0,1,1,1,1,0,1,0,1,1,1,1,1,0,0,1,1,1,1,1,0,1,1,1,1,0,0,1,0,0,0,0
0,1,0,1,0,0,1,0,0,1,1,1,0,1,0,1,1,1,1,1,0,1,1,0,0,1,1,0,0,1,0,0,0,0,0,0,0,0
1,0,0,0,1,0,0,0,0,1,0,1,0,0,1,0,1,0,1,0,1,0,0,1,1,0,0,1,1,1,1,0,0,0,0,0,0,0
1,0,0,1,0,0,0,0,0,0,0,1,0,1,0,1,0,1,1,1,1,1,1,1,1,1,1,1,1,1,0,1,0,0,0,0,0,0
0,1,1,0,1,1,0,0,0,1,1,1,0,1,1,1,0,1,1,1,1,1,0,1,1,1,0,0,1,0,0,0,1,0,0,0,0,1
0,1,0,1,0,1,0,1,0,0,1,1,0,1,1,1,1,0,1,1,0,1,0,0,1,0,0,0,1,1,1,0,1,0,0,0,0,0
1,0,0,0,1,1,0,1,1,0,1,0,1,0,1,0,1,0,0,1,0,1,1,0,1,1,0,1,0,0,1,1,1,0,0,0,0,0
1,0,0,1,0,1,1,0,0,1,0,0,0,0,1,1,0,1,1,1,0,1,1,1,1,0,0,0,0,0,1,0,0,1,0,0,0,0
1,0,0,0,1,0,0,1,1,1,0,0,1,1,1,0,1,1,1,0,1,1,0,1,1,0,1,0,0,0,1,1,1,1,0,0,0,0
0,1,0,1,0,0,1,0,0,0,1,1,0,0,1,1,1,1,0,1,0,1,1,0,0,1,0,0,1,0,1,0,0,1,0,0,0,1
1,0,0,1,0,0,0,1,0,1,0,1,0,0,0,1,0,1,1,0,1,1,0,1,1,0,1,0,1,1,0,0,1,0,0,0,0,0
1,0,1,0,0,1,0,1,1,0,1,1,1,1,0,1,0,1,0,1,0,1,1,1,0,0,0,0,0,0,1,0,1,1,0,0,0,0
1,0,0,1,1,0,0,1,1,1,1,1,0,0,0,0,1,1,1,1,1,1,1,0,0,1,1,0,0,1,0,0,1,0,0,0,0,0
1,0,1,0,0,1,1,1,0,1,1,1,1,1,0,1,1,1,1,1,1,0,1,1,1,1,1,0,1,0,1,0,1,0,0,0,0,0
0,1,0,0,1,1,1,0,1,1,0,0,1,1,0,0,0,1,0,1,0,1,0,1,0,1,1,0,1,1,1,0,1,0,0,0,0,1
0,1,1,1,1,1,1,1,1,1,1,0,0,1,1,0,1,1,1,1,0,1,0,0,0,0,0,0,1,0,1,1,1,0,0,0,0,0
0,1,1,0,0,1,1,0,0,1,0,0,1,0,0,1,1,1,0,0,0,1,1,0,0,1,0,1,1,0,0,1,1,0,0,0,0,0
1,0,1,0,0,0,0,0,0,0,1,0,1,0,0,1,1,0,1,1,1,0,0,1,1,0,1,0,0,1,1,0,1,0,0,0,0,0
1,0,0,0,0,1,0,1,0,0,0,0,0,0,0,1,0,0,0,1,0,1,0,0,1,1,1,1,0,0,0,1,0,0,0,0,0,0
0,1,1,1,0,0,1,0,1,1,1,1,0,1,0,0,1,1,0,0,0,1,1,1,1,0,1,1,0,0,1,1,0,1,0,0,0,0
1,0,0,0,0,0,0,0,0,1,0,1,1,0,0,0,0,1,1,0,1,1,0,1,1,0,1,1,1,0,1,0,0,1,0,0,0,0
0,1,0,1,1,1,1,1,0,0,1,0,1,1,0,0,1,0,1,0,1,0,0,1,1,0,0,0,0,1,0,0,0,0,0,0,0,0
0,1,1,0,0,1,0,0,0,0,0,1,0,1,0,1,1,1,0,1,1,1,0,1,1,1,1,1,1,1,1,1,1,0,0,0,0,0
0,1,1,0,0,0,1,0,1,1,0,0,1,0,0,0,1,0,0,1,1,0,0,0,0,0,0,0,0,0,0,1,0,1,0,0,0,0
1,0,0,0,0,0,0,1,0,0,0,0,1,1,1,0,1,0,1,1,0,1,1,0,0,0,1,0,1,0,0,0,0,0,0,0,0,0
0,1,1,0,0,1,1,1,0,0,0,1,0,1,1,0,0,0,1,0,1,0,0,0,1,0,1,1,1,1,0,0,1,1,0,0,0,0
1,0,0,1,1,0,1,1,1,0,1,1,0,1,0,1,0,0,0,1,0,0,1,0,0,0,1,1,0,1,0,0,0,1,0,0,0,0
1,0,0,1,0,1,0,0,1,0,1,1,0,0,0,1,0,0,1,0,0,0,1,0,1,0,1,0,1,1,1,0,1,1,0,0,0,0
1,0,0,0,0,1,1,1,1,0,1,1,1,1,1,0,1,1,0,0,1,0,0,0,1,0,0,0,1,1,1,1,1,1,0,0,0,0
0,1,0,1,0,1,0,0,1,1,0,1,0,1,0,0,1,0,1,0,0,1,0,0,0,1,1,1,0,0,1,1,0,0,0,0,0,0
0,1,0,1,0,1,1,0,1,1,0,0,1,1,1,1,1,1,0,1,0,1,0,0,1,0,0,0,1,0,0,1,1,0,0,0,0,0
0,1,0,0,1,1,1,0,0,0,1,1,1,1,1,0,1,0,1,0,0,1,0,0,0,0,1,1,1,1,0,1,0,0,0,0,0,0
0,1,0,1,0,1,0,1,1,0,1,1,1,0,1,1,1,0,1,0,1,0,1,1,1,0,0,0,0,1,0,0,0,0,0,0,0,1
1,0,1,0,0,1,0,1,1,0,0,1,0,1,1,0,1,1,0,0,1,0,0,1,1,0,1,0,0,0,0,0,0,1,0,0,0,0
1,0,0,1,1,0,1,1,0,1,1,1,0,0,0,0,0,1,0,0,1,1,0,0,1,0,0,1,1,1,0,1,0,0,0,0,0,0
1,0,0,0,0,1,1,1,0,1,0,1,0,1,1,1,0,0,1,0,0,1,0,0,1,0,0,1,0,1,0,0,0,1,0,0,0,0
0,1,1,0,0,1,1,1,0,0,0,0,1,0,1,1,1,1,1,1,0,1,1,1,0,1,1,1,1,1,0,0,0,0,0,0,0,0
1,0,0,1,1,0,1,1,1,0,1,1,0,1,0,1,0,0,1,0,1,1,0,1,1,0,1,0,1,0,1,1,1,0,0,0,0,0
1,0,1,0,0,1,0,0,1,0,1,1,1,0,0,1,1,1,1,1,1,1,0,0,1,1,1,1,0,1,1,1,1,1,0,0,0,0
0,1,1,0,1,0,0,0,1,0,1,1,0,1,0,1,1,1,0,0,0,0,1,0,0,0,1,0,1,0,1,1,1,0,0,0,0,0
0,1,0,0,1,1,0,0,1,0,1,1,0,1,0,0,0,1,1,0,1,1,0,1,1,0,1,0,1,0,0,0,1,1,0,0,0,0
0,1,1,0,0,1,1,1,1,1,0,1,0,0,0,1,0,0,0,0,0,1,0,1,0,0,0,0,1,0,1,0,1,0,0,0,0,0
1,0,0,1,0,0,0,1,0,0,1,0,0,0,0,0,0,1,0,0,0,0,0,1,0,0,1,0,1,1,0,0,0,1,0,0,0,0
1,0,0,0,0,1,1,1,1,0,0,0,0,0,0,1,0,1,1,0,0,0,0,0,1,1,1,1,0,1,0,1,0,0,0,0,0,0
1,0,0,1,0,0,1,0,0,0,0,0,1,0,0,1,0,1,1,0,1,1,0,1,1,0,0,0,1,1,1,0,0,1,0,0,0,0
1,0,0,0,1,1,0,1,0,1,0,0,1,0,0,1,0,1,0,0,0,1,1,1,0,1,0,1,0,0,1,1,1,1,0,0,0,0
1,0,0,0,0,0,0,1,0,1,0,0,0,0,0,1,1,1,1,0,0,0,1,1,0,1,0,1,1,0,1,0,0,1,0,0,0,0
1,0,0,0,1,1,0,0,0,0,0,0,1,0,0,1,1,0,0,1,1,0,0,0,0,1,0,1,0,1,1,0,1,0,0,0,0,0
0,1,0,0,1,1,1,0,0,1,0,0,0,0,0,1,1,0,1,1,0,1,1,1,1,0,0,1,0,1,1,1,1,0,0,0,0,0
1,0,0,1,0,0,0,1,0,0,0,1,1,1,0,1,0,1,1,0,1,1,0,1,1,1,1,0,1,0,0,0,0,0,0,0,0,0
1,0,1,0,0,1,1,0,0,1,1,0,1,1,1,1,1,1,0,1,0,1,0,0,1,1,1,1,1,0,1,1,0,0,0,0,0,0
0,1,1,0,0,0,1,0,0,1,0,1,1,0,0,0,1,1,1,0,1,0,0,0,0,0,0,1,0,1,1,0,0,0,0,0,0,0
1,0,0,1,0,1,0,0,0,0,0,1,0,1,0,0,0,1,0,1,1,0,0,1,1,1,1,1,0,1,1,0,1,1,0,0,0,0
0,1,1,0,1,1,0,0,0,1,1,0,0,0,0,0,0,1,0,1,1,0,1,0,0,1,0,1,0,0,1,0,0,1,0,0,0,0
0,1,0,1,1,1,0,1,1,0,0,0,1,0,1,0,1,0,1,1,1,1,0,0,1,1,1,1,1,1,0,1,1,0,0,0,0,0
1,0,1,0,0,1,0,0,0,0,0,0,1,0,0,0,1,0,0,0,1,0,0,0,1,0,0,0,0,0,0,0,0,1,0,0,0,0
1,0,0,0,0,1,1,0,1,1,1,0,0,1,0,1,0,0,0,0,1,1,1,1,0,1,0,0,0,0,0,1,1,1,0,0,0,0
0,1,0,1,0,0,0,0,0,1,0,0,1,0,0,0,0,0,1,0,0,0,1,0,0,1,1,0,1,1,1,1,1,0,0,0,0,0
0,1,1,0,1,1,0,0,0,1,1,1,1,1,1,1,1,0,0,0,1,0,0,1,1,0,1,1,1,0,0,0,0,1,0,0,0,0
0,1,1,0,1,1,0,1,0,0,1,1,1,1,1,1,1,0,0,1,1,1,1,0,1,0,1,1,0,0,0,1,1,0,0,0,0,0
0,1,1,0,1,1,1,1,0,1,0,0,0,1,0,0,1,0,0,0,1,0,0,1,0,0,0,0,0,1,0,0,0,0,0,0,0,1
0,1,1,0,1,1,0,1,0,0,0,1,1,0,1,0,0,1,0,1,0,0,0,1,1,0,1,1,1,1,1,0,0,1,0,0,0,0
1,0,0,1,1,1,1,1,0,0,1,0,1,1,1,1,1,1,1,1,1,1,1,0,0,1,1,0,0,0,0,0,0,1,0,0,0,0
1,0,0,1,1,0,0,1,1,0,1,1,0,1,1,1,0,0,1,0,0,0,0,1,0,0,1,0,1,0,0,1,0,0,0,0,0,0
0,1,1,1,1,0,1,0,0,0,1,1,1,0,0,0,0,1,0,1,0,1,1,0,0,1,1,1,0,1,0,0,0,0,0,0,0,0
1,0,0,0,0,0,1,1,1,0,0,0,1,0,0,1,0,1,1,0,0,1,0,0,1,1,0,0,1,0,1,1,0,1,0,0,0,0
1,0,0,0,0,1,1,0,1,1,1,0,0,0,0,1,0,1,1,1,1,0,1,1,1,0,1,1,1,0,1,0,1,1,0,0,0,0
0,1,1,0,1,1,1,0,1,0,1,1,0,0,0,1,1,1,1,1,1,0,1,0,1,0,1,1,0,1,0,0,1,0,0,0,0,0
1,0,1,0,0,0,0,0,0,0,0,1,0,1,1,0,1,0,0,0,0,1,0,1,0,1,0,0,0,1,0,0,1,1,0,0,0,0
0,1,1,0,0,0,1,1,0,0,1,1,1,1,1,1,1,1,1,0,1,1,1,1,0,0,1,0,0,1,1,1,0,0,0,0,0,0
0,1,1,0,0,0,1,0,0,0,0,0,1,1,1,0,0,0,0,1,0,1,1,1,0,1,0,0,0,0,0,1,0,0,0,0,0,0
0,1,1,0,1,1,1,1,0,0,1,1,1,1,0,1,0,1,1,0,1,0,1,1,0,0,0,1,1,1,0,1,1,1,0,0,0,0
0,1,1,0,0,1,0,1,1,0,0,0,0,0,1,0,1,1,0,0,0,0,0,1,0,1,0,0,0,0,0,0,1,1,0,0,0,0
1,0,1,0,0,0,0,0,0,0,1,1,0,1,1,0,0,0,0,0,0,1,1,1,0,0,0,1,0,0,0,0,1,0,0,0,0,0
1,0,0,1,0,0,1,0,0,0,0,1,0,1,1,1,1,1,0,0,1,1,0,1,1,1,1,1,1,0,0,1,1,1,0,0,0,0
1,0,0,0,1,0,0,0,0,0,0,1,0,1,0,0,1,0,0,1,1,1,0,1,0,0,1,1,0,1,1,1,1,1,0,0,0,0
1,0,0,1,0,1,1,0,0,1,0,1,1,0,0,0,1,1,1,1,0,1,0,1,1,1,0,1,0,1,0,0,0,0,0,0,0,0
1,0,0,1,0,1,0,1,1,0,0,0,0,0,0,1,0,1,0,1,1,0,0,0,1,0,1,0,1,1,1,1,0,1,0,0,0,0
0,1,0,1,0,0,1,1,1,0,0,0,0,0,1,1,0,0,1,0,1,1,1,1,0,1,0,0,1,0,1,0,0,0,0,0,0,0
1,0,1,0,0,1,0,0,1,0,0,0,1,0,1,1,0,1,1,1,0,1,0,1,1,1,1,1,0,1,0,1,0,0,0,0,0,0
0,1,1,1,0,0,0,0,1,1,1,1,0,1,1,1,0,0,1,0,1,0,0,1,0,0,0,0,1,1,0,1,1,1,0,0,0,0
0,1,0,1,1,1,0,1,1,1,1,1,1,0,1,1,1,0,1,0,1,1,0,1,0,1,0,1,1,0,0,0,0,0,0,0,0,0
1,0,0,0,1,0,0,0,1,0,0,1,1,1,1,1,0,1,0,0,0,1,0,0,0,0,1,1,0,1,1,0,1,0,0,0,0,0
0,1,1,1,0,1,1,0,0,0,1,0,0,1,1,0,1,1,0,1,1,0,1,0,1,0,0,1,0,1,0,0,1,0,0,0,0,0
0,1,0,1,1,1,0,0,1,0,0,0,0,1,1,1,1,0,0,1,1,0,0,1,1,1,1,0,0,0,0,1,0,0,0,0,0,0
1,0,0,0,0,1,0,1,1,0,1,1,1,0,1,0,0,0,1,1,0,0,0,0,1,0,1,0,0,0,1,1,0,0,0,0,0,0
1,0,0,0,0,1,1,1,0,0,0,0,1,1,0,1,1,0,1,1,1,0,0,0,1,1,0,0,1,1,0,1,1,0,0,0,0,0
0,1,1,1,0,1,0,1,0,0,0,1,0,0,1,1,1,1,0,1,0,1,1,0,1,0,0,0,0,1,1,1,0,0,0,0,0,0
0,1,1,1,0,0,0,1,0,1,0,0,0,0,0,1,0,0,1,1,1,0,0,1,1,0,1,0,0,0,0,0,0,0,0,0,0,0
1,0,0,0,1,0,0,1,1,0,1,1,1,1,0,0,0,0,0,0,1,0,1,1,1,0,1,0,0,1,1,1,1,1,0,0,0,0
1,0,0,1,1,1,0,0,1,0,1,1,0,1,1,0,0,0,1,1,0,1,0,0,1,0,0,1,1,1,1,0,1,1,0,0,0,0
1,0,0,0,0,0,0,0,0,1,1,0,0,0,1,1,0,0,0,1,0,1,0,1,1,1,1,1,1,1,1,1,1,1,0,0,0,0
0,1,0,0,1,1,1,0,1,1,1,1,0,0,1,0,1,1,0,1,0,0,0,0,1,0,0,0,0,0,0,1,1,0,0,0,0,0
0,1,1,0,0,1,1,0,0,1,0,1,1,0,0,1,1,0,1,1,0,0,0,0,0,1,1,1,0,0,1,0,0,1,0,0,0,0
0,1,0,0,1,1,1,0,1,0,1,0,1,1,1,0,1,1,0,0,1,0,1,1,0,0,1,0,1,1,0,1,0,0,0,0,0,0
0,1,1,1,1,0,0,1,1,0,0,1,0,0,0,1,0,1,1,0,1,1,1,0,1,1,0,0,1,0,1,0,1,1,0,0,0,0
1,0,1,0,0,1,0,1,0,1,0,0,0,1,0,0,0,0,1,0,1,1,0,0,1,1,1,1,0,0,0,1,1,1,0,0,0,0
0,1,0,0,1,1,0,1,0,1,1,0,0,1,0,1,1,0,1,1,0,1,0,0,0,1,0,1,1,0,0,1,1,0,0,0,0,0
0,1,0,1,0,1,0,1,0,0,0,0,1,0,1,0,1,1,0,0,1,0,0,1,1,0,0,0,1,0,0,0,1,0,0,0,0,0
1,0,0,0,0,1,1,1,0,1,1,0,1,0,0,0,0,0,0,1,1,0,0,0,0,0,1,0,1,1,0,1,1,1,0,0,0,0
0,1,0,0,1,1,0,0,1,0,1,1,0,1,1,1,1,1,1,0,1,1,1,0,1,1,1,0,0,0,0,0,0,1,0,0,0,0
1,0,1,0,0,0,1,1,1,0,0,1,1,0,1,1,0,1,0,0,0,1,1,1,0,0,1,0,0,1,0,0,0,0,0,0,0,0
0,1,0,1,1,0,1,1,1,1,1,1,0,0,0,0,1,0,0,0,0,0,0,0,1,1,0,1,1,0,0,1,0,1,0,0,0,0
1,0,0,0,0,0,0,1,0,0,1,1,1,0,1,0,1,1,1,0,0,0,0,0,1,1,1,0,1,0,1,1,0,1,0,0,0,0
1,0,0,0,0,1,1,0,0,1,0,1,0,0,0,0,1,1,1,0,0,1,0,0,1,1,1,1,0,1,0,1,1,0,0,0,0,0
0,1,0,1,0,1,0,1,1,0,1,0,0,0,0,0,1,0,1,1,0,1,0,0,0,1,1,1,0,0,0,0,1,0,0,0,0,0
0,1,0,1,1,0,1,0,1,1,1,0,0,0,0,1,0,0,0,1,1,0,0,1,0,1,1,1,1,0,1,0,1,0,0,0,0,0
0,1,1,1,0,0,1,1,1,0,0,0,1,0,1,0,0,1,1,1,1,0,1,1,1,0,1,0,1,1,0,0,1,1,0,0,0,0
0,1,0,1,0,0,1,1,1,1,0,0,1,1,0,0,1,0,1,1,1,1,1,1,1,0,1,0,1,1,1,1,1,1,0,0,0,1
1,0,0,0,1,0,0,0,1,1,0,1,0,1,1,0,0,1,1,0,0,0,0,0,0,1,1,1,1,1,0,1,0,1,0,0,0,0
0,1,0,1,1,0,0,0,1,1,1,0,1,1,0,0,0,0,1,1,0,1,0,0,1,0,1,1,1,0,0,0,0,0,0,0,0,0
1,0,0,1,0,1,0,0,0,0,1,0,0,0,0,1,1,0,1,1,0,0,0,0,1,1,1,0,0,0,0,1,1,0,0,0,0,0
0,1,0,1,1,1,0,0,1,0,1,0,1,0,1,0,0,0,1,0,0,1,0,1,1,1,0,1,1,1,1,1,1,0,0,0,0,0
0,1,1,0,1,0,1,1,0,1,1,1,1,1,0,1,0,0,1,0,0,1,1,0,1,1,0,1,1,1,1,0,1,0,0,0,0,0
0,1,1,0,1,1,0,1,0,1,0,0,0,1,1,1,0,1,0,0,1,1,1,1,0,0,0,1,0,0,1,1,1,1,0,0,0,0
0,1,0,1,1,1,1,0,1,1,0,1,1,0,0,1,1,0,1,1,0,0,0,1,0,1,0,0,1,0,0,0,0,0,0,0,0,0
1,0,0,0,1,1,1,0,1,0,0,1,1,0,0,0,0,1,0,0,1,1,0,1,1,1,1,0,1,1,0,1,1,1,0,0,0,0
0,1,0,1,0,0,1,0,0,1,1,1,0,0,1,1,1,0,1,1,0,1,0,1,1,0,0,1,1,0,1,1,1,1,0,0,0,0
0,1,1,1,1,0,1,1,1,1,1,0,0,1,0,0,1,0,1,0,0,0,1,0,0,0,0,0,0,0,1,0,0,0,0,0,0,0
1,0,0,0,1,0,0,1,1,0,0,0,1,1,1,0,0,1,0,0,1,1,1,0,0,0,0,0,1,1,1,1,1,0,0,0,0,0
0,1,0,1,1,0,0,0,0,0,0,0,1,1,0,1,1,0,0,1,0,1,0,1,0,0,1,0,0,1,0,0,0,1,0,0,0,0
0,1,0,0,1,0,1,0,1,1,0,0,1,1,1,1,0,1,1,1,0,0,1,0,1,1,1,1,1,1,1,1,0,0,0,0,0,0
0,1,1,1,0,0,1,1,0,0,1,0,1,1,0,1,0,0,0,0,1,0,0,0,1,1,1,1,0,0,1,0,0,0,0,0,0,0
1,0,0,1,1,1,1,1,0,0,1,0,0,0,0,1,0,1,1,1,0,0,0,0,0,0,1,0,1,1,1,0,0,0,0,0,0,0
1,0,0,0,0,1,0,0,0,1,1,0,1,1,0,1,1,1,1,0,1,0,1,0,1,1,1,1,1,1,0,1,1,1,0,0,0,0
0,1,1,1,1,0,0,1,0,1,1,0,1,0,0,1,0,0,1,1,0,0,1,1,0,0,0,1,1,1,0,0,0,0,0,0,0,0
1,0,0,1,0,0,0,1,0,0,1,1,1,0,0,1,1,1,0,1,0,0,1,1,0,0,1,1,0,0,0,1,1,0,0,0,0,0
1,0,0,0,1,0,1,1,1,1,0,0,1,0,1,1,0,1,1,1,1,0,0,1,1,0,1,0,0,0,0,0,1,1,0,0,0,0
1,0,0,1,0,1,1,1,1,1,0,0,1,0,1,1,0,0,1,0,0,1,0,0,0,0,0,1,0,0,0,0,0,1,0,0,0,0
1,0,0,0,1,0,0,1,0,0,0,0,0,0,1,1,0,1,0,0,0,0,1,0,0,1,0,1,1,0,1,1,1,0,0,0,0,0
1,0,0,1,1,0,1,0,1,1,1,1,1,0,0,1,1,1,1,0,1,1,0,0,1,0,1,0,1,0,0,0,1,0,0,0,0,0
1,0,0,1,0,0,0,1,1,1,0,0,1,1,0,1,0,0,0,0,1,1,1,1,0,1,1,1,0,1,0,0,0,1,0,0,0,0
0,1,1,1,0,1,0,1,0,0,1,1,0,0,0,1,0,1,0,0,0,1,0,1,0,1,0,1,0,0,0,1,0,1,0,0,0,0
0,1,1,1,1,1,0,0,0,1,1,1,0,0,0,1,1,0,0,1,1,1,0,0,0,0,0,1,1,0,0,0,1,0,0,0,0,0
0,1,1,1,1,0,0,1,0,1,1,0,1,1,0,1,1,0,0,1,1,0,0,1,0,0,1,1,0,1,0,1,0,1,0,0,0,0
1,0,0,0,1,0,1,1,0,1,1,0,1,0,0,1,1,1,1,0,0,0,0,0,1,1,1,0,0,0,1,1,0,0,0,0,0,0
0,1,1,1,1,0,0,0,0,1,1,0,0,0,1,0,0,0,0,0,1,1,1,0,1,0,0,1,1,0,1,1,1,0,0,0,0,0
1,0,0,1,1,1,0,0,0,0,1,1,1,1,0,0,1,0,1,1,1,0,0,0,0,0,1,0,1,0,0,0,0,0,0,0,0,0
1,0,0,0,0,1,1,0,1,0,1,0,1,1,1,0,1,1,1,1,1,1,0,0,0,1,1,1,1,0,1,1,1,1,0,0,0,0
0,1,1,1,0,1,0,1,1,0,0,0,0,1,0,1,1,1,1,1,1,1,1,0,0,0,1,0,1,0,0,1,0,0,0,0,0,0
0,1,1,0,1,0,0,0,0,1,0,1,0,1,1,1,1,0,0,0,0,1,1,0,0,0,0,0,0,1,1,0,0,1,0,0,0,0
0,1,1,1,1,0,1,1,0,0,1,1,1,1,0,1,0,1,0,0,0,0,1,1,0,1,0,1,0,1,0,0,0,0,0,0,0,0
0,1,0,1,1,0,1,1,0,1,1,1,0,1,1,1,1,1,1,0,0,0,0,0,0,0,0,1,1,1,0,0,1,0,0,0,0,0
0,1,1,1,1,0,0,0,1,1,1,0,0,1,1,1,0,1,1,0,0,0,0,1,0,1,1,1,0,1,1,1,1,0,0,0,0,0
0,1,1,1,0,1,0,1,0,1,1,1,1,1,0,1,1,0,1,1,0,0,1,0,0,0,1,0,0,0,1,1,0,0,0,0,0,0
1,0,0,0,1,1,0,0,1,0,0,0,1,1,1,0,0,1,1,1,0,1,0,0,0,0,1,0,1,1,0,1,1,1,0,0,0,0
0,1,0,1,1,1,1,1,0,1,0,0,1,1,0,0,0,1,0,0,1,1,1,1,1,1,1,0,1,1,1,0,1,1,0,0,0,0
0,1,1,0,1,0,1,0,0,0,1,0,1,1,0,0,0,0,1,1,1,0,1,1,0,0,0,0,1,0,0,1,1,1,0,0,0,0
0,1,1,0,1,0,1,0,0,1,1,1,1,0,1,0,0,1,1,1,1,0,1,0,1,1,0,0,0,1,1,0,1,1,0,0,0,0
1,0,0,1,0,1,0,0,0,1,1,1,0,0,0,1,1,1,1,1,0,0,0,1,0,1,0,1,0,0,0,0,1,0,0,0,0,0
0,1,1,1,1,0,0,0,1,1,1,0,0,1,0,1,0,0,1,1,0,0,1,0,1,1,1,1,1,1,1,0,1,1,0,0,0,0
1,0,0,0,1,0,0,0,0,0,1,1,0,0,0,1,0,0,0,1,0,1,0,0,1,1,0,1,0,0,0,0,1,1,0,0,0,0
0,1,0,0,1,1,0,0,0,0,0,0,0,0,0,1,1,0,0,0,0,0,0,1,1,1,0,1,0,0,1,1,1,0,0,0,0,0
1,0,0,0,0,1,1,1,1,0,1,1,1,0,0,0,1,1,0,1,1,0,0,0,1,1,0,0,1,0,0,1,0,1,0,0,0,0
1,0,0,1,0,1,0,1,0,0,1,0,1,1,0,0,1,1,1,0,1,0,0,1,0,0,0,1,0,1,0,1,1,0,0,0,0,0
0,1,1,1,1,0,1,1,0,1,1,1,0,0,0,1,0,1,0,1,1,1,1,0,1,0,0,0,1,1,1,1,1,1,0,0,0,0
1,0,0,1,1,0,0,0,0,0,0,1,1,1,1,0,1,1,1,0,0,1,0,1,1,0,1,1,0,1,1,0,1,1,0,0,0,0
1,0,1,0,0,1,1,1,1,0,0,0,1,0,1,0,0,0,0,1,0,0,1,0,0,1,1,0,0,1,1,0,0,0,0,0,0,0
1,0,0,1,1,1,1,0,1,0,1,1,1,1,1,0,1,1,0,1,0,1,1,1,0,0,0,1,0,1,1,1,0,1,0,0,0,0
1,0,0,1,0,0,0,1,1,1,1,1,1,1,1,0,1,0,1,1,1,1,0,0,0,0,1,0,0,0,0,1,0,0,0,0,0,0
0,1,1,1,0,0,0,1,1,1,1,1,1,0,1,1,0,1,1,1,0,0,0,1,0,0,1,0,0,0,1,0,0,1,0,0,0,0
0,1,0,1,0,1,0,1,0,0,1,1,0,1,1,1,1,0,0,1,1,0,0,1,0,0,0,1,0,1,1,1,0,1,0,0,0,0
1,0,0,1,1,1,1,0,1,0,0,1,1,1,0,0,0,1,1,0,1,1,1,1,1,0,1,1,0,1,1,1,1,1,0,0,0,0
0,1,1,1,1,0,0,1,0,0,0,1,1,1,1,1,0,0,1,1,0,1,0,0,1,1,0,1,1,0,0,1,0,1,0,0,0,0
1,0,0,0,0,1,1,1,1,0,1,0,0,0,0,1,1,1,0,1,0,0,0,0,1,1,0,0,1,0,1,0,0,1,0,0,0,0
1,0,0,1,1,1,1,0,0,0,1,1,0,1,1,1,0,1,1,1,0,0,0,1,0,0,1,1,1,0,0,1,1,1,0,0,0,0
1,0,0,0,0,1,1,0,1,0,1,1,0,1,1,1,0,1,0,1,0,0,0,1,1,0,1,0,1,0,0,1,1,0,0,0,0,0
1,0,0,0,1,0,1,1,0,0,0,1,1,1,1,0,1,0,0,0,0,1,1,0,1,0,1,1,1,0,0,1,1,1,0,0,0,0
0,1,1,1,1,0,0,1,1,1,1,1,1,1,1,0,1,0,1,0,0,1,1,0,1,1,1,1,1,1,1,1,0,1,0,0,0,0
1,0,0,0,0,0,0,0,0,1,1,0,1,1,0,0,0,1,0,0,0,1,1,0,1,1,1,0,0,1,1,1,1,0,0,0,0,0
0,1,1,1,1,1,0,0,1,0,1,1,1,0,0,0,1,0,1,1,0,1,0,0,1,1,0,0,0,1,1,1,1,0,0,0,0,0
0,1,0,1,0,0,0,0,1,0,1,0,0,1,1,1,1,0,0,1,1,1,1,1,0,0,0,0,0,1,0,0,0,0,0,0,0,0
0,1,0,0,1,1,0,0,0,0,1,1,0,0,1,1,1,0,0,0,0,0,0,0,1,1,1,0,0,1,1,0,0,0,0,0,0,0
1,0,0,1,0,1,0,0,1,0,0,0,1,0,0,0,1,0,1,1,1,0,0,1,0,0,1,1,1,0,0,1,0,1,0,0,0,1
0,1,1,0,0,0,0,1,0,0,0,0,0,0,1,0,0,0,0,1,1,1,1,0,1,1,0,0,1,0,1,0,0,1,0,0,0,0
0,1,1,1,0,0,1,1,1,1,1,1,1,0,0,0,1,0,1,0,1,0,1,1,0,0,0,1,0,0,1,0,1,0,0,0,0,0
1,0,1,0,0,0,1,1,1,1,0,1,0,1,0,1,1,0,0,1,1,0,1,1,0,1,1,0,0,1,0,0,0,1,0,0,0,0
1,0,1,0,0,0,0,1,1,1,1,0,0,0,0,1,0,1,0,1,1,0,1,1,0,1,1,0,1,1,0,1,0,1,0,0,0,0
0,1,0,1,1,1,0,0,0,1,0,0,1,0,0,1,1,1,0,0,1,1,0,1,1,0,0,1,0,0,0,1,0,0,0,0,0,0
0,1,0,0,1,1,1,1,1,1,0,1,0,1,0,1,1,1,0,1,0,1,1,0,0,0,1,0,1,1,1,0,1,0,0,0,0,0
0,1,1,1,0,0,0,1,0,1,1,0,0,0,0,1,0,1,0,0,0,1,0,0,1,1,0,0,0,0,0,0,0,0,0,0,0,0
0,1,1,0,1,1,1,0,1,0,1,0,0,1,1,0,0,0,1,1,0,1,1,0,1,0,0,1,1,1,1,0,1,1,0,0,0,0
0,1,0,1,0,1,0,0,0,1,0,0,1,0,1,1,1,0,1,0,1,0,1,1,1,1,0,0,0,0,0,0,1,0,0,0,0,0
0,1,1,1,1,1,1,1,1,0,0,0,1,0,1,0,1,1,0,0,0,0,0,1,1,1,0,0,0,0,0,0,0,0,0,0,0,0
0,1,0,1,0,0,1,1,0,1,1,0,0,0,0,0,1,1,1,0,0,0,1,1,0,1,1,0,0,0,0,1,1,1,0,0,0,0
0,1,1,1,0,0,1,0,0,1,1,0,1,0,1,1,0,0,1,0,1,0,1,0,0,0,1,1,0,1,0,1,0,1,0,0,0,0
1,0,0,0,1,1,1,0,1,0,0,0,1,1,1,1,1,0,1,0,1,1,1,1,1,0,0,0,0,0,1,0,0,0,0,0,0,0
0,1,0,0,1,1,1,0,0,0,0,1,0,1,0,1,1,1,1,1,1,0,1,0,1,0,1,1,0,0,0,1,0,1,0,0,0,0
0,1,0,1,1,1,1,1,0,1,1,0,0,1,1,1,0,1,1,1,0,1,0,0,1,1,0,0,1,0,0,1,0,0,0,0,0,0
0,1,1,1,0,0,0,0,0,0,0,0,0,1,0,1,0,0,0,1,0,1,0,1,0,0,0,0,0,0,1,0,0,0,0,0,0,0
0,1,1,1,0,0,0,0,1,0,1,1,0,1,1,0,1,0,0,1,0,0,1,0,1,0,1,0,0,0,0,1,0,1,0,0,0,0
1,0,0,1,0,0,0,0,0,1,1,0,0,0,0,0,0,0,1,1,0,1,0,1,0,1,0,1,1,0,1,0,1,1,0,0,0,0
1,0,1,0,0,1,1,1,0,0,0,1,0,1,1,0,1,0,1,0,0,0,0,1,0,0,1,0,1,1,0,1,0,0,0,0,0,0
0,1,0,0,1,0,1,1,1,1,0,0,1,0,1,0,1,0,0,1,1,1,0,0,0,1,1,1,1,0,1,1,0,1,0,0,0,0
0,1,0,0,1,1,0,1,0,0,1,0,0,0,0,1,0,1,0,1,1,1,0,0,1,0,0,1,1,1,1,1,0,1,0,0,0,0
0,1,1,1,1,0,1,1,1,0,1,0,1,0,1,1,0,0,1,1,1,0,1,1,1,1,0,0,1,0,1,1,0,1,0,0,0,0
0,1,0,1,0,1,1,1,1,1,0,1,1,0,0,1,1,1,0,0,0,0,1,1,0,0,1,0,0,1,1,0,1,0,0,0,0,0
0,1,1,1,1,1,0,0,0,1,1,0,1,1,1,0,0,1,0,1,1,0,1,0,1,1,1,1,0,1,1,1,0,1,0,0,0,0
0,1,0,1,1,1,0,0,0,1,1,0,1,1,1,0,0,0,0,1,1,0,1,0,0,0,1,0,1,0,1,1,0,1,0,0,0,0
1,0,0,0,1,0,0,1,0,1,1,0,1,0,0,1,1,0,1,1,1,0,0,0,0,0,1,1,0,1,1,1,0,1,0,0,0,0
0,1,1,0,1,1,0,1,0,1,1,0,1,0,1,0,1,0,1,0,0,1,0,0,0,1,1,1,1,1,0,0,1,1,0,0,0,0
0,1,1,0,1,1,0,0,1,1,1,0,1,1,1,1,1,1,0,1,1,1,1,0,0,1,1,0,1,1,1,1,0,0,0,0,0,0
1,0,1,0,0,0,0,0,0,0,0,1,1,1,0,1,1,1,1,0,1,1,0,0,0,1,1,0,1,0,0,1,0,0,0,0,0,0
1,0,0,1,0,0,1,1,0,0,0,1,0,1,0,1,1,0,0,0,0,0,0,1,0,1,1,1,1,1,0,0,0,1,0,0,0,0
1,0,0,1,0,1,1,1,1,0,1,0,1,1,1,1,0,0,0,1,0,0,0,1,0,0,1,0,1,1,0,0,1,0,0,0,0,0
1,0,0,1,0,1,0,1,0,1,0,0,0,1,0,0,0,1,0,1,0,1,0,1,1,1,0,0,1,0,0,1,1,1,0,0,0,1
0,1,0,1,0,1,1,0,1,1,1,0,0,1,1,1,0,0,1,0,0,1,0,1,1,1,0,0,0,1,1,0,1,0,0,0,0,0
0,1,0,1,1,0,1,1,0,1,0,1,1,1,1,0,1,1,0,0,1,1,1,0,0,1,0,0,0,0,1,1,1,1,0,0,0,0
1,0,1,0,0,1,0,1,1,1,0,0,0,0,0,1,1,1,0,0,1,1,1,1,0,1,1,0,1,0,1,1,1,0,0,0,0,0
0,1,0,1,0,0,0,0,1,1,1,1,1,1,1,0,1,1,1,1,1,1,0,1,0,1,0,1,1,0,0,1,0,1,0,0,0,0
0,1,1,1,1,1,1,1,0,0,0,1,0,0,1,1,1,1,1,1,1,1,0,1,0,0,0,1,0,1,1,0,0,1,0,0,0,0
1,0,1,0,0,1,0,1,1,0,1,1,0,0,1,1,1,1,0,1,0,0,1,1,1,0,1,1,0,1,0,1,0,1,0,0,0,0
0,1,1,1,0,0,0,0,1,1,0,1,0,1,0,0,0,0,1,1,1,0,0,0,0,1,0,1,1,0,1,0,0,0,0,0,0,0
0,1,1,1,1,1,0,1,1,1,1,1,1,1,1,1,0,0,1,0,0,1,1,0,0,0,0,1,1,1,0,1,1,0,0,0,0,1
1,0,0,0,1,0,0,1,1,1,0,0,0,0,1,1,1,0,1,1,1,1,0,0,0,0,0,0,1,0,1,0,0,0,0,0,0,0
1,0,1,0,0,0,0,1,1,1,1,0,0,1,0,1,0,1,0,1,1,1,0,0,1,1,0,1,0,0,0,1,0,1,0,0,0,0
0,1,1,1,0,1,0,1,1,1,1,0,0,0,0,1,0,0,0,1,1,1,0,1,1,1,0,0,1,1,0,0,0,0,0,0,0,0
0,1,0,1,1,0,1,0,0,0,1,1,1,0,1,1,0,0,1,1,1,0,1,1,0,1,0,1,0,0,1,0,0,0,0,0,0,0
0,1,0,0,1,1,1,1,1,1,0,1,0,1,1,0,0,1,0,1,0,1,1,0,0,1,0,1,1,0,1,1,0,0,0,0,0,0
